Timestamp,24-Jul-2023 15:39:59,Timestamp,24-Jul-2023 15:39:59,Timestamp,24-Jul-2023 15:39:59,Timestamp,24-Jul-2023 15:39:59
Interval,1.00000000000000E+0,Interval,1.00000000000000E+0,Interval,1.00000000000000E+0,Interval,1.00000000000000E+0
Channel Name,Temp_R,Channel Name,Current,Channel Name,Vib_Extruder,Channel Name,Vibration_2
Unit,Ohms,Unit,Amps,Unit,Volts,Unit,Volts
0.00000000000000E+0,1.03126760599214E+3,0.00000000000000E+0,1.27264340527208E-4,0.00000000000000E+0,3.99119308793996E+0,0.00000000000000E+0,3.91916018641255E+0
1.00000000000000E+0,1.03060977195286E+3,1.00000000000000E+0,8.63148340716742E-5,1.00000000000000E+0,3.97836531073561E+0,1.00000000000000E+0,3.94152656647473E+0
2.00000000000000E+0,1.04968695911435E+3,2.00000000000000E+0,1.64250991509301E-4,2.00000000000000E+0,3.98461474064370E+0,2.00000000000000E+0,3.95040733510866E+0
3.00000000000000E+0,1.07040873142937E+3,3.00000000000000E+0,2.02558594302710E-4,3.00000000000000E+0,3.97639180655883E+0,3.00000000000000E+0,3.94086873176291E+0
4.00000000000000E+0,1.02732060175728E+3,4.00000000000000E+0,1.33869099631834E-4,4.00000000000000E+0,3.98165448436861E+0,4.00000000000000E+0,3.88100577402555E+0
5.00000000000000E+0,1.03291219109057E+3,5.00000000000000E+0,1.25943388706246E-4,5.00000000000000E+0,3.97968098018805E+0,5.00000000000000E+0,3.91718668230320E+0
6.00000000000000E+0,1.03554352724879E+3,6.00000000000000E+0,1.41794810556990E-4,6.00000000000000E+0,3.98987741847869E+0,6.00000000000000E+0,3.90139864950852E+0
7.00000000000000E+0,1.02962302089404E+3,7.00000000000000E+0,1.39152906915319E-4,7.00000000000000E+0,3.97606288919625E+0,7.00000000000000E+0,3.90699024444036E+0
8.00000000000000E+0,1.03554352724879E+3,8.00000000000000E+0,1.60288136047372E-4,8.00000000000000E+0,3.96619536834818E+0,8.00000000000000E+0,3.91389750879256E+0
9.00000000000000E+0,1.02863626983535E+3,9.00000000000000E+0,1.57646232406029E-4,9.00000000000000E+0,3.98000989755132E+0,9.00000000000000E+0,3.96816887251327E+0
1.00000000000000E+1,1.03258327407086E+3,1.00000000000000E+1,1.51041473302468E-4,1.00000000000000E+1,3.97737855864693E+0,1.00000000000000E+1,3.93527713672253E+0
1.10000000000000E+1,1.03126760599214E+3,1.10000000000000E+1,1.74818606073940E-4,1.10000000000000E+1,3.97869422809862E+0,1.10000000000000E+1,3.91093725263828E+0
1.20000000000000E+1,1.03159652301180E+3,1.20000000000000E+1,1.68213846971126E-4,1.20000000000000E+1,3.97639180655883E+0,1.20000000000000E+1,3.90567457504303E+0
1.30000000000000E+1,1.03422785916957E+3,1.30000000000000E+1,1.84065268817407E-4,1.30000000000000E+1,3.96783995515227E+0,1.30000000000000E+1,3.93527713672253E+0
1.40000000000000E+1,1.03291219109057E+3,1.40000000000000E+1,1.60288136047372E-4,1.40000000000000E+1,3.96290619474472E+0,1.40000000000000E+1,3.93757955820757E+0
1.50000000000000E+1,1.02600493367943E+3,1.50000000000000E+1,1.88028124278725E-4,1.50000000000000E+1,3.94909166567854E+0,1.50000000000000E+1,3.90896374853821E+0
1.60000000000000E+1,1.03324110811030E+3,1.60000000000000E+1,2.14447160684995E-4,1.60000000000000E+1,3.96290619474472E+0,1.60000000000000E+1,3.89679380663685E+0
1.70000000000000E+1,1.04672670593106E+3,1.70000000000000E+1,2.35582389806941E-4,1.70000000000000E+1,3.95665676491539E+0,1.70000000000000E+1,3.92146260787629E+0
1.80000000000000E+1,1.03357002513004E+3,1.80000000000000E+1,2.38224293446998E-4,1.80000000000000E+1,3.96553753362699E+0,1.80000000000000E+1,3.88791303827557E+0
1.90000000000000E+1,1.04014836552778E+3,1.90000000000000E+1,2.35582389806941E-4,1.90000000000000E+1,3.95468326076346E+0,1.90000000000000E+1,3.92902770699280E+0
2.00000000000000E+1,1.03389894214980E+3,2.00000000000000E+1,9.95243522844459E-5,2.00000000000000E+1,3.95435434340502E+0,2.00000000000000E+1,3.95303867397190E+0
2.10000000000000E+1,1.03685919532822E+3,2.10000000000000E+1,2.02558594302710E-4,2.10000000000000E+1,3.96159052530508E+0,2.10000000000000E+1,3.93297471524055E+0
2.20000000000000E+1,1.00594099551902E+3,2.20000000000000E+1,1.18017677780223E-4,2.20000000000000E+1,3.97902314546170E+0,2.20000000000000E+1,3.79252701053002E+0
2.30000000000000E+1,1.04606887189048E+3,2.30000000000000E+1,2.09163353404087E-4,2.30000000000000E+1,3.95270975661378E+0,2.30000000000000E+1,3.85666589069301E+0
2.40000000000000E+1,1.03949053148776E+3,2.40000000000000E+1,2.26335727066419E-4,2.40000000000000E+1,3.95797243435127E+0,2.40000000000000E+1,3.84778512253322E+0
2.50000000000000E+1,1.03554352724879E+3,2.50000000000000E+1,2.34261437986897E-4,2.50000000000000E+1,3.95402542604665E+0,2.50000000000000E+1,3.81818256231990E+0
2.60000000000000E+1,1.03883269744779E+3,2.60000000000000E+1,2.34261437986897E-4,2.60000000000000E+1,3.96422186418535E+0,2.60000000000000E+1,3.84416703181416E+0
2.70000000000000E+1,1.03981944850776E+3,2.70000000000000E+1,2.13126208864784E-4,2.70000000000000E+1,3.96487969890604E+0,2.70000000000000E+1,3.86455990687231E+0
2.80000000000000E+1,1.03916161446777E+3,2.80000000000000E+1,1.95953835201063E-4,2.80000000000000E+1,3.96520861626648E+0,2.80000000000000E+1,3.80963071168266E+0
2.90000000000000E+1,1.03587244426863E+3,2.90000000000000E+1,1.89349076099142E-4,2.90000000000000E+1,3.96718212043045E+0,2.90000000000000E+1,3.81390663699619E+0
3.00000000000000E+1,1.03751702936802E+3,3.00000000000000E+1,1.81423365176472E-4,3.00000000000000E+1,3.96783995515227E+0,3.00000000000000E+1,3.82772116500180E+0
3.10000000000000E+1,1.04804237401238E+3,3.10000000000000E+1,1.90670027919548E-4,3.10000000000000E+1,3.96356402946491E+0,3.10000000000000E+1,3.81686689298844E+0
3.20000000000000E+1,1.03784594638795E+3,3.20000000000000E+1,1.62930039688669E-4,3.20000000000000E+1,3.98297015382357E+0,3.20000000000000E+1,3.79515834915834E+0
3.30000000000000E+1,1.03159652301180E+3,3.30000000000000E+1,1.69534798791712E-4,3.30000000000000E+1,3.98000989755132E+0,3.30000000000000E+1,3.81423555432842E+0
3.40000000000000E+1,1.03554352724879E+3,3.40000000000000E+1,1.24622436885273E-4,3.40000000000000E+1,3.97540505447129E+0,3.40000000000000E+1,3.84120677577676E+0
3.50000000000000E+1,1.03455677618935E+3,3.50000000000000E+1,1.25943388706246E-4,3.50000000000000E+1,3.97145804612678E+0,3.50000000000000E+1,3.79219809320175E+0
3.60000000000000E+1,1.03488569320915E+3,3.60000000000000E+1,1.43115762377808E-4,3.60000000000000E+1,3.97639180655883E+0,3.60000000000000E+1,3.79548726648715E+0
3.70000000000000E+1,1.02140009540868E+3,3.70000000000000E+1,1.04808159569202E-4,3.70000000000000E+1,3.98954850111353E+0,3.70000000000000E+1,3.81620905832308E+0
3.80000000000000E+1,1.07468465270777E+3,3.80000000000000E+1,1.36511003273600E-4,3.80000000000000E+1,3.98132556700503E+0,3.80000000000000E+1,3.79548726648715E+0
3.90000000000000E+1,1.02172901242793E+3,3.90000000000000E+1,1.20659581422279E-4,3.90000000000000E+1,3.98428582327955E+0,3.90000000000000E+1,3.84054894110245E+0
4.00000000000000E+1,1.02896518685490E+3,4.00000000000000E+1,1.11412918674867E-4,4.00000000000000E+1,3.97836531073561E+0,4.00000000000000E+1,3.86850691497515E+0
4.10000000000000E+1,1.03653027830834E+3,4.10000000000000E+1,1.18017677780223E-4,4.10000000000000E+1,3.97310263293589E+0,4.10000000000000E+1,3.84120677577676E+0
4.20000000000000E+1,1.02995193791363E+3,4.20000000000000E+1,1.45757666019408E-4,4.20000000000000E+1,3.98033881491465E+0,4.20000000000000E+1,3.87179608840089E+0
4.30000000000000E+1,1.02863626983535E+3,4.30000000000000E+1,1.32548147810933E-4,4.30000000000000E+1,3.98297015382357E+0,4.30000000000000E+1,3.81226205033594E+0
4.40000000000000E+1,1.02830735281581E+3,4.40000000000000E+1,1.55004328764639E-4,4.40000000000000E+1,3.97902314546170E+0,4.40000000000000E+1,3.85008754390372E+0
4.50000000000000E+1,1.02896518685490E+3,4.50000000000000E+1,1.68213846971126E-4,4.50000000000000E+1,3.97112912876515E+0,4.50000000000000E+1,3.80831504235746E+0
4.60000000000000E+1,1.03324110811030E+3,4.60000000000000E+1,2.13126208864784E-4,4.60000000000000E+1,3.97211588085024E+0,4.60000000000000E+1,3.86686232826456E+0
4.70000000000000E+1,1.03455677618935E+3,4.70000000000000E+1,2.09163353404087E-4,4.70000000000000E+1,3.95303867397190E+0,4.70000000000000E+1,3.82278740498758E+0
4.80000000000000E+1,1.02863626983535E+3,4.80000000000000E+1,2.11805257044562E-4,4.80000000000000E+1,3.96389294682510E+0,4.80000000000000E+1,3.87212500574381E+0
4.90000000000000E+1,1.03060977195286E+3,4.90000000000000E+1,2.25014775246303E-4,4.90000000000000E+1,3.96257727738471E+0,4.90000000000000E+1,3.82870791700628E+0
5.00000000000000E+1,1.03028085493324E+3,5.00000000000000E+1,2.36903341626974E-4,5.00000000000000E+1,3.95928810378814E+0,5.00000000000000E+1,3.80864395968867E+0
5.10000000000000E+1,1.02107117838944E+3,5.10000000000000E+1,2.22372871606039E-4,5.10000000000000E+1,3.96586645098755E+0,5.10000000000000E+1,3.86488882421388E+0
5.20000000000000E+1,1.03291219109057E+3,5.20000000000000E+1,2.26335727066419E-4,5.20000000000000E+1,3.95961702114752E+0,5.20000000000000E+1,3.84416703181416E+0
5.30000000000000E+1,1.04508212082972E+3,5.30000000000000E+1,1.97274787021414E-4,5.30000000000000E+1,3.94284223589911E+0,5.30000000000000E+1,3.88330819543922E+0
5.40000000000000E+1,1.07336898462185E+3,5.40000000000000E+1,2.43508100726988E-4,5.40000000000000E+1,3.95665676491539E+0,5.40000000000000E+1,3.82048498365226E+0
5.50000000000000E+1,1.00495424446323E+3,5.50000000000000E+1,4.61465150901670E-4,5.50000000000000E+1,3.95402542604665E+0,5.50000000000000E+1,3.85633697335297E+0
5.60000000000000E+1,1.02633385069888E+3,5.60000000000000E+1,2.15768112505195E-4,5.60000000000000E+1,3.95336759133009E+0,5.60000000000000E+1,3.85699480803311E+0
5.70000000000000E+1,1.02633385069888E+3,5.70000000000000E+1,2.07842401583833E-4,5.70000000000000E+1,3.95468326076346E+0,5.70000000000000E+1,3.84975862656490E+0
5.80000000000000E+1,1.02205792944719E+3,5.80000000000000E+1,2.21051919785891E-4,5.80000000000000E+1,3.95764351699221E+0,5.80000000000000E+1,3.87672984855099E+0
5.90000000000000E+1,1.02271576348577E+3,5.90000000000000E+1,2.10484305224330E-4,5.90000000000000E+1,3.96455078154567E+0,5.90000000000000E+1,3.82015606631889E+0
6.00000000000000E+1,1.01317716993177E+3,6.00000000000000E+1,1.99916690662084E-4,6.00000000000000E+1,3.96356402946491E+0,6.00000000000000E+1,3.84581161850373E+0
6.10000000000000E+1,1.00988799974336E+3,6.10000000000000E+1,1.90670027919548E-4,6.10000000000000E+1,3.96060377322602E+0,6.10000000000000E+1,3.84153569311401E+0
6.20000000000000E+1,1.01383500396961E+3,6.20000000000000E+1,2.09163353404087E-4,6.20000000000000E+1,3.96520861626648E+0,6.20000000000000E+1,3.84416703181416E+0
6.30000000000000E+1,1.01153258483740E+3,6.30000000000000E+1,1.97274787021414E-4,6.30000000000000E+1,3.96816887251327E+0,6.30000000000000E+1,3.83002358634642E+0
6.40000000000000E+1,1.01153258483740E+3,6.40000000000000E+1,1.85386220637857E-4,6.40000000000000E+1,3.97211588085024E+0,6.40000000000000E+1,3.85469238665367E+0
6.50000000000000E+1,1.00824341464965E+3,6.50000000000000E+1,1.78781461535493E-4,6.50000000000000E+1,3.96718212043045E+0,6.50000000000000E+1,3.88100577402555E+0
6.60000000000000E+1,1.01646634012152E+3,6.60000000000000E+1,1.69534798791712E-4,6.60000000000000E+1,3.98297015382357E+0,6.60000000000000E+1,3.83627301572533E+0
6.70000000000000E+1,1.00133615725971E+3,6.70000000000000E+1,1.51041473302468E-4,6.70000000000000E+1,3.96356402946491E+0,6.70000000000000E+1,3.88363711278427E+0
6.80000000000000E+1,1.00199399129659E+3,6.80000000000000E+1,1.44436714198614E-4,6.80000000000000E+1,3.96586645098755E+0,6.80000000000000E+1,3.87376959245928E+0
6.90000000000000E+1,1.00002048918609E+3,6.90000000000000E+1,1.52362425123203E-4,6.90000000000000E+1,3.97178696348848E+0,6.90000000000000E+1,3.86127073346000E+0
7.00000000000000E+1,1.00232290831505E+3,7.00000000000000E+1,1.61609087868027E-4,7.00000000000000E+1,3.97211588085024E+0,7.00000000000000E+1,3.87541417917628E+0
7.10000000000000E+1,9.97718070057775E+2,7.10000000000000E+1,1.37831955094466E-4,7.10000000000000E+1,3.97408938502211E+0,7.10000000000000E+1,3.84910079188743E+0
7.20000000000000E+1,9.95086733911915E+2,7.20000000000000E+1,1.86707172458297E-4,7.20000000000000E+1,3.97408938502211E+0,7.20000000000000E+1,3.87837443527075E+0
7.30000000000000E+1,9.95415650930102E+2,7.30000000000000E+1,1.33869099631834E-4,7.30000000000000E+1,3.97441830238431E+0,7.30000000000000E+1,3.84252244512611E+0
7.40000000000000E+1,9.91797563730768E+2,7.40000000000000E+1,1.69534798791712E-4,7.40000000000000E+1,3.98066773227805E+0,7.40000000000000E+1,3.86719124560656E+0
7.50000000000000E+1,1.00594099551902E+3,7.50000000000000E+1,1.66892895150529E-4,7.50000000000000E+1,3.98362798855143E+0,7.50000000000000E+1,3.89120221173749E+0
7.60000000000000E+1,1.00002048918609E+3,7.60000000000000E+1,1.69534798791712E-4,7.60000000000000E+1,3.98033881491465E+0,7.60000000000000E+1,3.88922870765960E+0
7.70000000000000E+1,9.90481895658674E+2,7.70000000000000E+1,1.51041473302468E-4,7.70000000000000E+1,3.97474721974657E+0,7.70000000000000E+1,3.84877187454879E+0
7.80000000000000E+1,9.89495144604741E+2,7.80000000000000E+1,1.45757666019408E-4,7.80000000000000E+1,3.98329907118747E+0,7.80000000000000E+1,3.89778055867977E+0
7.90000000000000E+1,9.98704821112689E+2,7.90000000000000E+1,1.62930039688669E-4,7.90000000000000E+1,3.97112912876515E+0,7.90000000000000E+1,3.91521317819608E+0
8.00000000000000E+1,9.89495144604741E+2,8.00000000000000E+1,1.36511003273600E-4,8.00000000000000E+1,3.97211588085024E+0,8.00000000000000E+1,3.91422642614335E+0
8.10000000000000E+1,9.83245721265871E+2,8.10000000000000E+1,1.44436714198614E-4,8.10000000000000E+1,3.98165448436861E+0,8.10000000000000E+1,3.92343611199047E+0
8.20000000000000E+1,9.86205974425806E+2,8.20000000000000E+1,1.39152906915319E-4,8.20000000000000E+1,3.97244479821206E+0,8.20000000000000E+1,3.90008298011538E+0
8.30000000000000E+1,9.88837310568850E+2,8.30000000000000E+1,1.80102413355989E-4,8.30000000000000E+1,3.98593041010093E+0,8.30000000000000E+1,3.88330819543922E+0
8.40000000000000E+1,9.85877057407984E+2,8.40000000000000E+1,1.25943388706246E-4,8.40000000000000E+1,3.98132556700503E+0,8.40000000000000E+1,3.85929722941554E+0
8.50000000000000E+1,9.89166227586789E+2,8.50000000000000E+1,1.44436714198614E-4,8.50000000000000E+1,3.97474721974657E+0,8.50000000000000E+1,3.89087329439102E+0
8.60000000000000E+1,9.87192725479350E+2,8.60000000000000E+1,1.51041473302468E-4,8.60000000000000E+1,3.98921958374843E+0,8.60000000000000E+1,3.88330819543922E+0
8.70000000000000E+1,9.88508393550924E+2,8.70000000000000E+1,1.64250991509301E-4,8.70000000000000E+1,3.98395690591546E+0,8.70000000000000E+1,3.88462386481980E+0
8.80000000000000E+1,9.83574638283590E+2,8.80000000000000E+1,1.53683376943927E-4,8.80000000000000E+1,3.97672072392147E+0,8.80000000000000E+1,3.85600805601298E+0
8.90000000000000E+1,9.83245721265871E+2,8.90000000000000E+1,1.33869099631834E-4,8.90000000000000E+1,3.97014237668063E+0,8.90000000000000E+1,3.90468782299568E+0
9.00000000000000E+1,9.78969800036697E+2,9.00000000000000E+1,1.52362425123203E-4,9.00000000000000E+1,3.97606288919625E+0,9.00000000000000E+1,3.91521317819608E+0
9.10000000000000E+1,9.81601136177470E+2,9.10000000000000E+1,1.56325280585340E-4,9.10000000000000E+1,3.98231231909597E+0,9.10000000000000E+1,3.88199252605961E+0
9.20000000000000E+1,9.79627634071813E+2,9.20000000000000E+1,1.45757666019408E-4,9.20000000000000E+1,3.97343155029790E+0,9.20000000000000E+1,3.85469238665367E+0
9.30000000000000E+1,9.79298717054249E+2,9.30000000000000E+1,1.48399569660962E-4,9.30000000000000E+1,3.97639180655883E+0,9.30000000000000E+1,3.89778055867977E+0
9.40000000000000E+1,9.77325214949131E+2,9.40000000000000E+1,1.47078617840191E-4,9.40000000000000E+1,3.98297015382357E+0,9.40000000000000E+1,3.92573853345985E+0
9.50000000000000E+1,9.82587887230472E+2,9.50000000000000E+1,1.85386220637857E-4,9.50000000000000E+1,3.95961702114752E+0,9.50000000000000E+1,3.89810947602753E+0
9.60000000000000E+1,9.84561389336824E+2,9.60000000000000E+1,1.78781461535493E-4,9.60000000000000E+1,3.97145804612678E+0,9.60000000000000E+1,3.87804551792667E+0
9.70000000000000E+1,9.75680629861884E+2,9.70000000000000E+1,1.44436714198614E-4,9.70000000000000E+1,3.97639180655883E+0,9.70000000000000E+1,3.86949366700223E+0
9.80000000000000E+1,9.78311966001632E+2,9.80000000000000E+1,1.74818606073940E-4,9.80000000000000E+1,3.95895918642883E+0,9.80000000000000E+1,3.87607201386351E+0
9.90000000000000E+1,9.74364961792317E+2,9.90000000000000E+1,1.48399569660962E-4,9.90000000000000E+1,3.97803639337265E+0,9.90000000000000E+1,3.89284679847075E+0
1.00000000000000E+2,9.77325214949131E+2,1.00000000000000E+2,1.65571943329921E-4,1.00000000000000E+2,3.97244479821206E+0,1.00000000000000E+2,3.85962614675613E+0
1.01000000000000E+2,9.76996297931656E+2,1.01000000000000E+2,1.74818606073940E-4,1.01000000000000E+2,3.97770747600976E+0,1.01000000000000E+2,3.88133469137017E+0
1.02000000000000E+2,9.76996297931656E+2,1.02000000000000E+2,1.68213846971126E-4,1.02000000000000E+2,3.97408938502211E+0,1.02000000000000E+2,3.92277827728550E+0
1.03000000000000E+2,9.81272219159828E+2,1.03000000000000E+2,1.52362425123203E-4,1.03000000000000E+2,3.97606288919625E+0,1.03000000000000E+2,3.87442742714590E+0
1.04000000000000E+2,9.77325214949131E+2,1.04000000000000E+2,1.66892895150529E-4,1.04000000000000E+2,3.98132556700503E+0,1.04000000000000E+2,3.87015150168726E+0
1.05000000000000E+2,9.77654131966618E+2,1.05000000000000E+2,1.81423365176472E-4,1.05000000000000E+2,3.96520861626648E+0,1.05000000000000E+2,3.88265036074929E+0
1.06000000000000E+2,9.73378210740275E+2,1.06000000000000E+2,1.82744316996945E-4,1.06000000000000E+2,3.96422186418535E+0,1.06000000000000E+2,3.87672984855099E+0
1.07000000000000E+2,9.75351712844473E+2,1.07000000000000E+2,1.95953835201063E-4,1.07000000000000E+2,3.97343155029790E+0,1.07000000000000E+2,3.90205648420546E+0
1.08000000000000E+2,9.78640883019158E+2,1.08000000000000E+2,1.95953835201063E-4,1.08000000000000E+2,3.96487969890604E+0,1.08000000000000E+2,3.90731916178984E+0
1.09000000000000E+2,9.74693878809690E+2,1.09000000000000E+2,1.95953835201063E-4,1.09000000000000E+2,3.97935206282485E+0,1.09000000000000E+2,3.86061289877827E+0
1.10000000000000E+2,9.76667380914194E+2,1.10000000000000E+2,1.88028124278725E-4,1.10000000000000E+2,3.96093269058564E+0,1.10000000000000E+2,3.86817799763291E+0
1.11000000000000E+2,9.77654131966618E+2,1.11000000000000E+2,1.97274787021414E-4,1.11000000000000E+2,3.96323511210478E+0,1.11000000000000E+2,3.88100577402555E+0
1.12000000000000E+2,9.72391459688348E+2,1.12000000000000E+2,1.97274787021414E-4,1.12000000000000E+2,3.96257727738471E+0,1.12000000000000E+2,3.90830591383868E+0
1.13000000000000E+2,9.69760123550434E+2,1.13000000000000E+2,1.88028124278725E-4,1.13000000000000E+2,3.95928810378814E+0,1.13000000000000E+2,3.92508069875400E+0
1.14000000000000E+2,9.70417957584837E+2,1.14000000000000E+2,1.95953835201063E-4,1.14000000000000E+2,3.96455078154567E+0,1.14000000000000E+2,3.92508069875400E+0
1.15000000000000E+2,9.77325214949131E+2,1.15000000000000E+2,2.09163353404087E-4,1.15000000000000E+2,3.96816887251327E+0,1.15000000000000E+2,3.86686232826456E+0
1.16000000000000E+2,9.73049293722953E+2,1.16000000000000E+2,2.19730967965733E-4,1.16000000000000E+2,3.96060377322602E+0,1.16000000000000E+2,3.93889522762896E+0
1.17000000000000E+2,9.73378210740275E+2,1.17000000000000E+2,2.17089064325385E-4,1.17000000000000E+2,3.95534109548052E+0,1.17000000000000E+2,3.87344067511606E+0
1.18000000000000E+2,9.69102289516082E+2,1.18000000000000E+2,2.02558594302710E-4,1.18000000000000E+2,3.94711816153523E+0,1.18000000000000E+2,3.90106973216014E+0
1.19000000000000E+2,9.25685243358692E+2,1.19000000000000E+2,2.71248088944307E-4,1.19000000000000E+2,3.95797243435127E+0,1.19000000000000E+2,3.91817343435760E+0
1.20000000000000E+2,1.00659882955627E+3,1.20000000000000E+2,2.62001426205685E-4,1.20000000000000E+2,3.94974950039348E+0,1.20000000000000E+2,3.94843383096386E+0
1.21000000000000E+2,9.38841923989916E+2,1.21000000000000E+2,1.78781461535493E-4,1.21000000000000E+2,3.96652428570888E+0,1.21000000000000E+2,3.90041189746357E+0
1.22000000000000E+2,1.00528316148181E+3,1.22000000000000E+2,2.72569040764071E-4,1.22000000000000E+2,3.96060377322602E+0,1.22000000000000E+2,3.91258183939004E+0
1.23000000000000E+2,9.62852866192261E+2,1.23000000000000E+2,2.11805257044562E-4,1.23000000000000E+2,3.95863026906958E+0,1.23000000000000E+2,3.92540961610690E+0
1.24000000000000E+2,9.65155285311034E+2,1.24000000000000E+2,2.15768112505195E-4,1.24000000000000E+2,3.95599893019783E+0,1.24000000000000E+2,3.92804095493227E+0
1.25000000000000E+2,9.57261276906367E+2,1.25000000000000E+2,2.26335727066419E-4,1.25000000000000E+2,3.96816887251327E+0,1.25000000000000E+2,3.93955306234003E+0
1.26000000000000E+2,9.58248027956556E+2,1.26000000000000E+2,2.02558594302710E-4,1.26000000000000E+2,3.95961702114752E+0,1.26000000000000E+2,3.94021089705134E+0
1.27000000000000E+2,9.58248027956556E+2,1.27000000000000E+2,1.56325280585340E-4,1.27000000000000E+2,3.97080021140358E+0,1.27000000000000E+2,3.90106973216014E+0
1.28000000000000E+2,9.53643189723297E+2,1.28000000000000E+2,1.82744316996945E-4,1.28000000000000E+2,3.96619536834818E+0,1.28000000000000E+2,3.92343611199047E+0
1.29000000000000E+2,9.54629940773076E+2,1.29000000000000E+2,1.73497654253400E-4,1.29000000000000E+2,3.95830135171039E+0,1.29000000000000E+2,3.90633240974157E+0
1.30000000000000E+2,9.60550447074102E+2,1.30000000000000E+2,1.80102413355989E-4,1.30000000000000E+2,3.96027485586646E+0,1.30000000000000E+2,3.94415790532448E+0
1.31000000000000E+2,9.51340770607579E+2,1.31000000000000E+2,1.69534798791712E-4,1.31000000000000E+2,3.97310263293589E+0,1.31000000000000E+2,3.94119764911879E+0
1.32000000000000E+2,9.51340770607579E+2,1.32000000000000E+2,1.62930039688669E-4,1.32000000000000E+2,3.96981345931924E+0,1.32000000000000E+2,3.93297471524055E+0
1.33000000000000E+2,9.46735932377959E+2,1.33000000000000E+2,1.29906244169094E-4,1.33000000000000E+2,3.99053525320920E+0,1.33000000000000E+2,3.90172756685696E+0
1.34000000000000E+2,9.46735932377959E+2,1.34000000000000E+2,1.37831955094466E-4,1.34000000000000E+2,3.96981345931924E+0,1.34000000000000E+2,3.90370107094888E+0
1.35000000000000E+2,9.42460011166896E+2,1.35000000000000E+2,1.36511003273600E-4,1.35000000000000E+2,3.96718212043045E+0,1.35000000000000E+2,3.94777599624942E+0
1.36000000000000E+2,9.45420264312796E+2,1.36000000000000E+2,1.35190051452723E-4,1.36000000000000E+2,3.97343155029790E+0,1.36000000000000E+2,3.93429038465845E+0
1.37000000000000E+2,9.45091347296536E+2,1.37000000000000E+2,1.24622436885273E-4,1.37000000000000E+2,3.97902314546170E+0,1.37000000000000E+2,3.96126160794533E+0
1.38000000000000E+2,9.41802177134608E+2,1.38000000000000E+2,1.07450063211505E-4,1.38000000000000E+2,3.97244479821206E+0,1.38000000000000E+2,3.94382898796805E+0
1.39000000000000E+2,9.43117845199232E+2,1.39000000000000E+2,1.18017677780223E-4,1.39000000000000E+2,3.98000989755132E+0,1.39000000000000E+2,3.89580705459450E+0
1.40000000000000E+2,9.45749181329068E+2,1.40000000000000E+2,9.15986413569349E-5,1.40000000000000E+2,3.97836531073561E+0,1.40000000000000E+2,3.92573853345985E+0
1.41000000000000E+2,9.02003218270353E+2,1.41000000000000E+2,1.08771015032638E-4,1.41000000000000E+2,3.98724607955917E+0,1.41000000000000E+2,3.92705420287229E+0
1.42000000000000E+2,9.43117845199232E+2,1.42000000000000E+2,1.49720521481720E-4,1.42000000000000E+2,3.99283767476797E+0,1.42000000000000E+2,3.91060833528811E+0
1.43000000000000E+2,9.63839617243088E+2,1.43000000000000E+2,8.76357858930085E-5,1.43000000000000E+2,3.97343155029790E+0,1.43000000000000E+2,3.93823739291814E+0
1.44000000000000E+2,9.40486509070178E+2,1.44000000000000E+2,4.27234239603467E-5,1.44000000000000E+2,3.99020633584391E+0,1.44000000000000E+2,3.96323511210478E+0
1.45000000000000E+2,9.42788928183058E+2,1.45000000000000E+2,1.15375774138117E-4,1.45000000000000E+2,3.96981345931924E+0,1.45000000000000E+2,3.94152656647473E+0
1.46000000000000E+2,9.41473260118482E+2,1.46000000000000E+2,1.19338629601257E-4,1.46000000000000E+2,3.99514009632984E+0,1.46000000000000E+2,3.92146260787629E+0
1.47000000000000E+2,9.36210587862127E+2,1.47000000000000E+2,1.02166255926849E-4,1.47000000000000E+2,3.98362798855143E+0,1.47000000000000E+2,3.92212044258077E+0
1.48000000000000E+2,9.42131094150745E+2,1.48000000000000E+2,1.25943388706246E-4,1.48000000000000E+2,3.98395690591546E+0,1.48000000000000E+2,3.94251331854292E+0
1.49000000000000E+2,9.40157592054102E+2,1.49000000000000E+2,1.23301485064287E-4,1.49000000000000E+2,3.98165448436861E+0,1.49000000000000E+2,3.90435890564668E+0
1.50000000000000E+2,9.38513006973900E+2,1.50000000000000E+2,1.15375774138117E-4,1.50000000000000E+2,3.97869422809862E+0,1.50000000000000E+2,3.93560605407735E+0
1.51000000000000E+2,9.36210587862127E+2,1.51000000000000E+2,1.44436714198614E-4,1.51000000000000E+2,3.97902314546170E+0,1.51000000000000E+2,3.94185548383073E+0
1.52000000000000E+2,9.40486509070178E+2,1.52000000000000E+2,1.66892895150529E-4,1.52000000000000E+2,3.97310263293589E+0,1.52000000000000E+2,3.95139408718191E+0
1.53000000000000E+2,9.39828675038037E+2,1.53000000000000E+2,1.56325280585340E-4,1.53000000000000E+2,3.97145804612678E+0,1.53000000000000E+2,3.90337215360007E+0
1.54000000000000E+2,9.40157592054102E+2,1.54000000000000E+2,1.78781461535493E-4,1.54000000000000E+2,3.96718212043045E+0,1.54000000000000E+2,3.96093269058564E+0
1.55000000000000E+2,9.42131094150745E+2,1.55000000000000E+2,1.89349076099142E-4,1.55000000000000E+2,3.95895918642883E+0,1.55000000000000E+2,3.93757955820757E+0
1.56000000000000E+2,9.40157592054102E+2,1.56000000000000E+2,1.78781461535493E-4,1.56000000000000E+2,3.97244479821206E+0,1.56000000000000E+2,3.97145804612678E+0
1.57000000000000E+2,9.33250334719291E+2,1.57000000000000E+2,1.68213846971126E-4,1.57000000000000E+2,3.97770747600976E+0,1.57000000000000E+2,3.94547357475086E+0
1.58000000000000E+2,9.30947915608871E+2,1.58000000000000E+2,1.88028124278725E-4,1.58000000000000E+2,3.96520861626648E+0,1.58000000000000E+2,3.95369650868834E+0
1.59000000000000E+2,9.36210587862127E+2,1.59000000000000E+2,1.94632883380701E-4,1.59000000000000E+2,3.95895918642883E+0,1.59000000000000E+2,3.94974950039348E+0
1.60000000000000E+2,9.31934666656122E+2,1.60000000000000E+2,1.95953835201063E-4,1.60000000000000E+2,3.96093269058564E+0,1.60000000000000E+2,3.95336759133009E+0
1.61000000000000E+2,9.34237085766794E+2,1.61000000000000E+2,2.26335727066419E-4,1.61000000000000E+2,3.95830135171039E+0,1.61000000000000E+2,3.98165448436861E+0
1.62000000000000E+2,9.39499758021984E+2,1.62000000000000E+2,1.45757666019408E-4,1.62000000000000E+2,3.95632784755658E+0,1.62000000000000E+2,3.97211588085024E+0
1.63000000000000E+2,9.10883977671363E+2,1.63000000000000E+2,1.06129111390360E-4,1.63000000000000E+2,3.94152656647473E+0,1.63000000000000E+2,3.94547357475086E+0
1.64000000000000E+2,9.13186396776714E+2,1.64000000000000E+2,1.53683376943927E-4,1.64000000000000E+2,3.96783995515227E+0,1.64000000000000E+2,3.93626388878717E+0
1.65000000000000E+2,9.28974413514694E+2,1.65000000000000E+2,2.02558594302710E-4,1.65000000000000E+2,3.96356402946491E+0,1.65000000000000E+2,3.95172300453978E+0
1.66000000000000E+2,9.32263583671896E+2,1.66000000000000E+2,2.25014775246303E-4,1.66000000000000E+2,3.96356402946491E+0,1.66000000000000E+2,3.98461474064370E+0
1.67000000000000E+2,9.33250334719291E+2,1.67000000000000E+2,1.93311931560328E-4,1.67000000000000E+2,3.95665676491539E+0,1.67000000000000E+2,3.98757499692389E+0
1.68000000000000E+2,9.26671994405367E+2,1.68000000000000E+2,2.06521449763568E-4,1.68000000000000E+2,3.95731459963321E+0,1.68000000000000E+2,3.94744707889230E+0
1.69000000000000E+2,9.19435820065568E+2,1.69000000000000E+2,1.88028124278725E-4,1.69000000000000E+2,3.96948454195792E+0,1.69000000000000E+2,3.89942514541918E+0
1.70000000000000E+2,9.29632247546039E+2,1.70000000000000E+2,1.80102413355989E-4,1.70000000000000E+2,3.96685320306963E+0,1.70000000000000E+2,3.90830591383868E+0
1.71000000000000E+2,9.21080405142291E+2,1.71000000000000E+2,1.76139557894469E-4,1.71000000000000E+2,3.96652428570888E+0,1.71000000000000E+2,3.96093269058564E+0
1.72000000000000E+2,9.22067156188466E+2,1.72000000000000E+2,1.60288136047372E-4,1.72000000000000E+2,3.96487969890604E+0,1.72000000000000E+2,3.92738312022555E+0
1.73000000000000E+2,9.22067156188466E+2,1.73000000000000E+2,1.57646232406029E-4,1.73000000000000E+2,3.96783995515227E+0,1.73000000000000E+2,3.92080477317205E+0
1.74000000000000E+2,9.28974413514694E+2,1.74000000000000E+2,1.69534798791712E-4,1.74000000000000E+2,3.97014237668063E+0,1.74000000000000E+2,3.90896374853821E+0
1.75000000000000E+2,9.26014160374238E+2,1.75000000000000E+2,1.76139557894469E-4,1.75000000000000E+2,3.95665676491539E+0,1.75000000000000E+2,3.92639636816594E+0
1.76000000000000E+2,9.25027409327634E+2,1.76000000000000E+2,1.58967184226706E-4,1.76000000000000E+2,3.97573397183374E+0,1.76000000000000E+2,3.97244479821206E+0
1.77000000000000E+2,9.21409322157671E+2,1.77000000000000E+2,1.47078617840191E-4,1.77000000000000E+2,3.97902314546170E+0,1.77000000000000E+2,3.93363254994938E+0
1.78000000000000E+2,9.20422571111566E+2,1.78000000000000E+2,1.23301485064287E-4,1.78000000000000E+2,3.97244479821206E+0,1.78000000000000E+2,3.92310719463796E+0
1.79000000000000E+2,9.18777986034962E+2,1.79000000000000E+2,1.04808159569202E-4,1.79000000000000E+2,3.97737855864693E+0,1.79000000000000E+2,3.97244479821206E+0
1.80000000000000E+2,9.23711741265663E+2,1.80000000000000E+2,1.35190051452723E-4,1.80000000000000E+2,3.97770747600976E+0,1.80000000000000E+2,3.96224836002478E+0
1.81000000000000E+2,9.20422571111566E+2,1.81000000000000E+2,1.29906244169094E-4,1.81000000000000E+2,3.98625932746540E+0,1.81000000000000E+2,3.98198340173226E+0
1.82000000000000E+2,9.26014160374238E+2,1.82000000000000E+2,1.27264340527208E-4,1.82000000000000E+2,3.97836531073561E+0,1.82000000000000E+2,3.93133012846957E+0
1.83000000000000E+2,9.21080405142291E+2,1.83000000000000E+2,9.68824486419926E-5,1.83000000000000E+2,3.98395690591546E+0,1.83000000000000E+2,3.95336759133009E+0
1.84000000000000E+2,9.12857479761629E+2,1.84000000000000E+2,6.25377012854521E-5,1.84000000000000E+2,3.99283767476797E+0,1.84000000000000E+2,3.90731916178984E+0
1.85000000000000E+2,9.49696185525294E+2,1.85000000000000E+2,2.69927137124533E-4,1.85000000000000E+2,3.99481117896367E+0,1.85000000000000E+2,3.96520861626648E+0
1.86000000000000E+2,9.30290081577431E+2,1.86000000000000E+2,1.18017677780223E-4,1.86000000000000E+2,3.98297015382357E+0,1.86000000000000E+2,3.92014693846807E+0
1.87000000000000E+2,9.07923724536752E+2,1.87000000000000E+2,1.95953835201063E-4,1.87000000000000E+2,3.98395690591546E+0,1.87000000000000E+2,3.96882670723547E+0
1.88000000000000E+2,9.21738239173063E+2,1.88000000000000E+2,8.63148340716742E-5,1.88000000000000E+2,3.97836531073561E+0,1.88000000000000E+2,3.96422186418535E+0
1.89000000000000E+2,9.23382824250200E+2,1.89000000000000E+2,1.18017677780223E-4,1.89000000000000E+2,3.98132556700503E+0,1.89000000000000E+2,3.96257727738471E+0
1.90000000000000E+2,9.22067156188466E+2,1.90000000000000E+2,1.16696725959176E-4,1.90000000000000E+2,3.98494365800791E+0,1.90000000000000E+2,3.95270975661378E+0
1.91000000000000E+2,9.15817732897819E+2,1.91000000000000E+2,1.27264340527208E-4,1.91000000000000E+2,3.98527257537219E+0,1.91000000000000E+2,3.96060377322602E+0
1.92000000000000E+2,9.24698492312124E+2,1.92000000000000E+2,1.43115762377808E-4,1.92000000000000E+2,3.97836531073561E+0,1.92000000000000E+2,3.95435434340502E+0
1.93000000000000E+2,9.30290081577431E+2,1.93000000000000E+2,1.60288136047372E-4,1.93000000000000E+2,3.97408938502211E+0,1.93000000000000E+2,3.93067229376161E+0
1.94000000000000E+2,9.23711741265663E+2,1.94000000000000E+2,1.62930039688669E-4,1.94000000000000E+2,3.96816887251327E+0,1.94000000000000E+2,3.93988197969565E+0
1.95000000000000E+2,9.24369575296625E+2,1.95000000000000E+2,1.78781461535493E-4,1.95000000000000E+2,3.97145804612678E+0,1.95000000000000E+2,3.92047585582003E+0
1.96000000000000E+2,9.22724990219309E+2,1.96000000000000E+2,1.89349076099142E-4,1.96000000000000E+2,3.96356402946491E+0,1.96000000000000E+2,3.97770747600976E+0
1.97000000000000E+2,9.25685243358692E+2,1.97000000000000E+2,1.94632883380701E-4,1.97000000000000E+2,3.96126160794533E+0,1.97000000000000E+2,3.98264123645974E+0
1.98000000000000E+2,9.18120152004404E+2,1.98000000000000E+2,2.11805257044562E-4,1.98000000000000E+2,3.96027485586646E+0,1.98000000000000E+2,3.96915562459667E+0
1.99000000000000E+2,9.24369575296625E+2,1.99000000000000E+2,2.27656678886524E-4,1.99000000000000E+2,3.96981345931924E+0,1.99000000000000E+2,3.93330363259493E+0
2.00000000000000E+2,9.18449069019677E+2,2.00000000000000E+2,2.77852848043032E-4,2.00000000000000E+2,3.96224836002478E+0,2.00000000000000E+2,3.95830135171039E+0
2.01000000000000E+2,9.19764737080889E+2,2.01000000000000E+2,2.30298582526705E-4,2.01000000000000E+2,3.95468326076346E+0,2.01000000000000E+2,3.92310719463796E+0
2.02000000000000E+2,9.09897226626388E+2,2.02000000000000E+2,1.91990979739944E-4,2.02000000000000E+2,3.96356402946491E+0,2.02000000000000E+2,3.93001445905390E+0
2.03000000000000E+2,9.03976720358736E+2,2.03000000000000E+2,1.74818606073940E-4,2.03000000000000E+2,3.95764351699221E+0,2.03000000000000E+2,3.97376046765998E+0
2.04000000000000E+2,9.07265890506967E+2,2.04000000000000E+2,1.56325280585340E-4,2.04000000000000E+2,3.96159052530508E+0,2.04000000000000E+2,3.96948454195792E+0
2.05000000000000E+2,9.09239392596462E+2,2.05000000000000E+2,1.52362425123203E-4,2.05000000000000E+2,3.97047129404207E+0,2.05000000000000E+2,3.98954850111353E+0
2.06000000000000E+2,9.02989969314492E+2,2.06000000000000E+2,1.37831955094466E-4,2.06000000000000E+2,3.98132556700503E+0,2.06000000000000E+2,3.93659280614218E+0
2.07000000000000E+2,9.05950222447535E+2,2.07000000000000E+2,1.28585292348157E-4,2.07000000000000E+2,3.97178696348848E+0,2.07000000000000E+2,3.97211588085024E+0
2.08000000000000E+2,9.01016467226317E+2,2.08000000000000E+2,1.08771015032638E-4,2.08000000000000E+2,3.97836531073561E+0,2.08000000000000E+2,3.95665676491539E+0
2.09000000000000E+2,9.01016467226317E+2,2.09000000000000E+2,1.12733870495963E-4,2.09000000000000E+2,3.97343155029790E+0,2.09000000000000E+2,3.93889522762896E+0
2.10000000000000E+2,9.04634554388289E+2,2.10000000000000E+2,9.55614968207472E-5,2.10000000000000E+2,3.99283767476797E+0,2.10000000000000E+2,3.95369650868834E+0
2.11000000000000E+2,9.60550447074102E+2,2.11000000000000E+2,2.51433811646669E-4,2.11000000000000E+2,3.98658824482993E+0,2.11000000000000E+2,4.03855718922149E+0
2.12000000000000E+2,9.05292388417889E+2,2.12000000000000E+2,8.49938822503272E-5,2.12000000000000E+2,3.97343155029790E+0,2.12000000000000E+2,3.95369650868834E+0
2.13000000000000E+2,9.06936973492091E+2,2.13000000000000E+2,9.15986413569349E-5,2.13000000000000E+2,3.97277371557394E+0,2.13000000000000E+2,3.98691716219452E+0
2.14000000000000E+2,9.06279139462375E+2,2.14000000000000E+2,1.14054822317046E-4,2.14000000000000E+2,3.98066773227805E+0,2.14000000000000E+2,3.99119308793996E+0
2.15000000000000E+2,9.10555060656359E+2,2.15000000000000E+2,1.21980533243289E-4,2.15000000000000E+2,3.97803639337265E+0,2.15000000000000E+2,3.95961702114752E+0
2.16000000000000E+2,9.00687550211662E+2,2.16000000000000E+2,1.36511003273600E-4,2.16000000000000E+2,3.98099664964150E+0,2.16000000000000E+2,3.97836531073561E+0
2.17000000000000E+2,9.07265890506967E+2,2.17000000000000E+2,1.74818606073940E-4,2.17000000000000E+2,3.97540505447129E+0,2.17000000000000E+2,3.94448682268099E+0
2.18000000000000E+2,9.04634554388289E+2,2.18000000000000E+2,1.72176702432849E-4,2.18000000000000E+2,3.97441830238431E+0,2.18000000000000E+2,3.95863026906958E+0
2.19000000000000E+2,9.00687550211662E+2,2.19000000000000E+2,1.81423365176472E-4,2.19000000000000E+2,3.96224836002478E+0,2.19000000000000E+2,3.93198796317777E+0
2.20000000000000E+2,9.02661052299768E+2,2.20000000000000E+2,2.09163353404087E-4,2.20000000000000E+2,3.96257727738471E+0,2.20000000000000E+2,4.01849322948991E+0
2.21000000000000E+2,9.21080405142291E+2,2.21000000000000E+2,2.89741414420135E-4,2.21000000000000E+2,3.94744707889230E+0,2.21000000000000E+2,3.94448682268099E+0
2.22000000000000E+2,8.89833288734455E+2,2.22000000000000E+2,2.28977630706620E-4,2.22000000000000E+2,3.95599893019783E+0,2.22000000000000E+2,3.94481574003755E+0
2.23000000000000E+2,9.08252641551662E+2,2.23000000000000E+2,1.89349076099142E-4,2.23000000000000E+2,3.96389294682510E+0,2.23000000000000E+2,3.99020633584391E+0
2.24000000000000E+2,8.95095960964275E+2,2.24000000000000E+2,1.85386220637857E-4,2.24000000000000E+2,3.96356402946491E+0,2.24000000000000E+2,4.02112456845759E+0
2.25000000000000E+2,8.93780292906547E+2,2.25000000000000E+2,1.93311931560328E-4,2.25000000000000E+2,3.96849778987434E+0,2.25000000000000E+2,4.00961246050404E+0
2.26000000000000E+2,8.98714048123970E+2,2.26000000000000E+2,1.60288136047372E-4,2.26000000000000E+2,3.96652428570888E+0,2.26000000000000E+2,3.95928810378814E+0
2.27000000000000E+2,8.96082712007691E+2,2.27000000000000E+2,1.29906244169094E-4,2.27000000000000E+2,3.97902314546170E+0,2.27000000000000E+2,4.00566545208073E+0
2.28000000000000E+2,8.90162205748734E+2,2.28000000000000E+2,1.24622436885273E-4,2.28000000000000E+2,3.98461474064370E+0,2.28000000000000E+2,3.94843383096386E+0
2.29000000000000E+2,8.93122458877751E+2,2.29000000000000E+2,1.18017677780223E-4,2.29000000000000E+2,3.99119308793996E+0,2.29000000000000E+2,3.98066773227805E+0
2.30000000000000E+2,8.90162205748734E+2,2.30000000000000E+2,9.68824486419926E-5,2.30000000000000E+2,3.97836531073561E+0,2.30000000000000E+2,4.01651972526682E+0
2.31000000000000E+2,8.91806790820297E+2,2.31000000000000E+2,5.32910385341094E-5,2.31000000000000E+2,3.98066773227805E+0,2.31000000000000E+2,3.98593041010093E+0
2.32000000000000E+2,8.82597114423185E+2,2.32000000000000E+2,1.81423365176472E-4,2.32000000000000E+2,3.98132556700503E+0,2.32000000000000E+2,3.96356402946491E+0
2.33000000000000E+2,8.93451375892143E+2,2.33000000000000E+2,9.29195931782183E-5,2.33000000000000E+2,3.98757499692389E+0,2.33000000000000E+2,3.96191944266490E+0
2.34000000000000E+2,8.92464624849001E+2,2.34000000000000E+2,1.18017677780223E-4,2.34000000000000E+2,3.97540505447129E+0,2.34000000000000E+2,4.02540049428876E+0
2.35000000000000E+2,8.95753794993208E+2,2.35000000000000E+2,1.36511003273600E-4,2.35000000000000E+2,3.98099664964150E+0,2.35000000000000E+2,3.99645576579516E+0
2.36000000000000E+2,8.88188703663233E+2,2.36000000000000E+2,1.52362425123203E-4,2.36000000000000E+2,3.97704964128417E+0,2.36000000000000E+2,3.94777599624942E+0
2.37000000000000E+2,8.92464624849001E+2,2.37000000000000E+2,1.66892895150529E-4,2.37000000000000E+2,3.96224836002478E+0,2.37000000000000E+2,3.99678468316164E+0
2.38000000000000E+2,8.95095960964275E+2,2.38000000000000E+2,1.68213846971126E-4,2.38000000000000E+2,3.97704964128417E+0,2.38000000000000E+2,4.00796787365988E+0
2.39000000000000E+2,8.95424877978736E+2,2.39000000000000E+2,1.91990979739944E-4,2.39000000000000E+2,3.96290619474472E+0,2.39000000000000E+2,3.98494365800791E+0
2.40000000000000E+2,8.91148956791638E+2,2.40000000000000E+2,2.05200497943293E-4,2.40000000000000E+2,3.96093269058564E+0,2.40000000000000E+2,3.94876274832117E+0
2.41000000000000E+2,9.01345384240984E+2,2.41000000000000E+2,1.29906244169094E-4,2.41000000000000E+2,3.95830135171039E+0,2.41000000000000E+2,4.01388838630627E+0
2.42000000000000E+2,9.01345384240984E+2,2.42000000000000E+2,1.08771015032638E-4,2.42000000000000E+2,3.94744707889230E+0,2.42000000000000E+2,3.97047129404207E+0
2.43000000000000E+2,8.82268197409166E+2,2.43000000000000E+2,2.15768112505195E-4,2.43000000000000E+2,3.95599893019783E+0,2.43000000000000E+2,4.01520405578604E+0
2.44000000000000E+2,8.88517620677455E+2,2.44000000000000E+2,1.94632883380701E-4,2.44000000000000E+2,3.96487969890604E+0,2.44000000000000E+2,4.00073169156443E+0
2.45000000000000E+2,8.78979027269588E+2,2.45000000000000E+2,1.73497654253400E-4,2.45000000000000E+2,3.97376046765998E+0,2.45000000000000E+2,3.98000989755132E+0
2.46000000000000E+2,8.81281446367175E+2,2.46000000000000E+2,1.62930039688669E-4,2.46000000000000E+2,3.96718212043045E+0,2.46000000000000E+2,3.99612684842873E+0
2.47000000000000E+2,8.83254948451258E+2,2.47000000000000E+2,1.62930039688669E-4,2.47000000000000E+2,3.96718212043045E+0,2.47000000000000E+2,4.03099208962269E+0
2.48000000000000E+2,8.80952529353201E+2,2.48000000000000E+2,1.37831955094466E-4,2.48000000000000E+2,3.97968098018805E+0,2.48000000000000E+2,3.99711360052819E+0
2.49000000000000E+2,8.77992276227933E+2,2.49000000000000E+2,1.24622436885273E-4,2.49000000000000E+2,3.98231231909597E+0,2.49000000000000E+2,4.00369194787250E+0
2.50000000000000E+2,8.79307944283496E+2,2.50000000000000E+2,1.23301485064287E-4,2.50000000000000E+2,3.97080021140358E+0,2.50000000000000E+2,3.96487969890604E+0
2.51000000000000E+2,8.83912782479375E+2,2.51000000000000E+2,9.55614968207472E-5,2.51000000000000E+2,3.99711360052819E+0,2.51000000000000E+2,3.95928810378814E+0
2.52000000000000E+2,8.76347691158730E+2,2.52000000000000E+2,1.35190051452723E-4,2.52000000000000E+2,3.98987741847869E+0,2.52000000000000E+2,3.96553753362699E+0
2.53000000000000E+2,9.10226143641368E+2,2.53000000000000E+2,3.09486930094929E-6,2.53000000000000E+2,3.98395690591546E+0,2.53000000000000E+2,4.04381986722322E+0
2.54000000000000E+2,8.77334442200218E+2,2.54000000000000E+2,1.47078617840191E-4,2.54000000000000E+2,3.98362798855143E+0,2.54000000000000E+2,4.02572941166083E+0
2.55000000000000E+2,8.80294695325285E+2,2.55000000000000E+2,1.20659581422279E-4,2.55000000000000E+2,3.99448226159756E+0,2.55000000000000E+2,4.01224379945798E+0
2.56000000000000E+2,8.87859786649022E+2,2.56000000000000E+2,1.02166255926849E-4,2.56000000000000E+2,3.97968098018805E+0,2.56000000000000E+2,3.99283767476797E+0
2.57000000000000E+2,8.81281446367175E+2,2.57000000000000E+2,1.24622436885273E-4,2.57000000000000E+2,3.97507613710890E+0,2.57000000000000E+2,3.98198340173226E+0
2.58000000000000E+2,8.87859786649022E+2,2.58000000000000E+2,1.52362425123203E-4,2.58000000000000E+2,3.97507613710890E+0,2.58000000000000E+2,3.96126160794533E+0
2.59000000000000E+2,8.87859786649022E+2,2.59000000000000E+2,1.58967184226706E-4,2.59000000000000E+2,3.96652428570888E+0,2.59000000000000E+2,3.97244479821206E+0
2.60000000000000E+2,8.89833288734455E+2,2.60000000000000E+2,1.70855750612286E-4,2.60000000000000E+2,3.96422186418535E+0,2.60000000000000E+2,3.99744251789481E+0
2.61000000000000E+2,8.92135707834643E+2,2.61000000000000E+2,1.85386220637857E-4,2.61000000000000E+2,3.96422186418535E+0,2.61000000000000E+2,3.98494365800791E+0
2.62000000000000E+2,8.92793541863371E+2,2.62000000000000E+2,2.07842401583833E-4,2.62000000000000E+2,3.95928810378814E+0,2.62000000000000E+2,4.00829679102858E+0
2.63000000000000E+2,8.55297002297207E+2,2.63000000000000E+2,1.32548147810933E-4,2.63000000000000E+2,3.94613140946442E+0,2.63000000000000E+2,3.97639180655883E+0
2.64000000000000E+2,8.78979027269588E+2,2.64000000000000E+2,2.02558594302710E-4,2.64000000000000E+2,3.96586645098755E+0,2.64000000000000E+2,3.97968098018805E+0
2.65000000000000E+2,8.87201952620635E+2,2.65000000000000E+2,1.88028124278725E-4,2.65000000000000E+2,3.96356402946491E+0,2.65000000000000E+2,3.99579793106237E+0
2.66000000000000E+2,8.80952529353201E+2,2.66000000000000E+2,1.73497654253400E-4,2.66000000000000E+2,3.97343155029790E+0,2.66000000000000E+2,3.97343155029790E+0
2.67000000000000E+2,8.61217508534996E+2,2.67000000000000E+2,1.72176702432849E-4,2.67000000000000E+2,3.96159052530508E+0,2.67000000000000E+2,3.96718212043045E+0
2.68000000000000E+2,8.77005525186377E+2,2.68000000000000E+2,1.37831955094466E-4,2.68000000000000E+2,3.97376046765998E+0,2.68000000000000E+2,4.02737399852216E+0
2.69000000000000E+2,8.73716355048581E+2,2.69000000000000E+2,1.16696725959176E-4,2.69000000000000E+2,3.97869422809862E+0,2.69000000000000E+2,3.96455078154567E+0
2.70000000000000E+2,8.73058521021155E+2,2.70000000000000E+2,1.02166255926849E-4,2.70000000000000E+2,3.98658824482993E+0,2.70000000000000E+2,4.01816431211924E+0
2.71000000000000E+2,8.78321193241807E+2,2.71000000000000E+2,9.15986413569349E-5,2.71000000000000E+2,3.99020633584391E+0,2.71000000000000E+2,3.98297015382357E+0
2.72000000000000E+2,8.53323500218720E+2,2.72000000000000E+2,-7.47274527701795E-6,2.72000000000000E+2,3.99250875740224E+0,2.72000000000000E+2,4.02013781634423E+0
2.73000000000000E+2,8.90491122763024E+2,2.73000000000000E+2,9.95243522844459E-5,2.73000000000000E+2,3.99185092267097E+0,2.73000000000000E+2,4.01191488208852E+0
2.74000000000000E+2,8.78979027269588E+2,2.74000000000000E+2,9.02776895356388E-5,2.74000000000000E+2,3.98000989755132E+0,2.74000000000000E+2,3.96422186418535E+0
2.75000000000000E+2,8.73058521021155E+2,2.75000000000000E+2,1.31227195990019E-4,2.75000000000000E+2,3.99645576579516E+0,2.75000000000000E+2,3.95435434340502E+0
2.76000000000000E+2,8.80294695325285E+2,2.76000000000000E+2,1.51041473302468E-4,2.76000000000000E+2,3.97080021140358E+0,2.76000000000000E+2,4.00862570839735E+0
2.77000000000000E+2,8.79965778311344E+2,2.77000000000000E+2,1.58967184226706E-4,2.77000000000000E+2,3.96783995515227E+0,2.77000000000000E+2,4.02934750275786E+0
2.78000000000000E+2,8.71413935952782E+2,2.78000000000000E+2,1.66892895150529E-4,2.78000000000000E+2,3.97770747600976E+0,2.78000000000000E+2,3.96356402946491E+0
2.79000000000000E+2,8.77005525186377E+2,2.79000000000000E+2,1.81423365176472E-4,2.79000000000000E+2,3.96257727738471E+0,2.79000000000000E+2,3.97408938502211E+0
2.80000000000000E+2,8.69111516857523E+2,2.80000000000000E+2,2.38224293446998E-4,2.80000000000000E+2,3.95797243435127E+0,2.80000000000000E+2,3.97606288919625E+0
2.81000000000000E+2,8.79636861297415E+2,2.81000000000000E+2,2.31619534346779E-4,2.81000000000000E+2,3.96257727738471E+0,2.81000000000000E+2,4.02145348582884E+0
2.82000000000000E+2,8.70756101925510E+2,2.82000000000000E+2,1.93311931560328E-4,2.82000000000000E+2,3.96948454195792E+0,2.82000000000000E+2,4.05566089278707E+0
2.83000000000000E+2,8.71413935952782E+2,2.83000000000000E+2,1.61609087868027E-4,2.83000000000000E+2,3.96849778987434E+0,2.83000000000000E+2,4.01684864263718E+0
2.84000000000000E+2,8.71413935952782E+2,2.84000000000000E+2,1.39152906915319E-4,2.84000000000000E+2,3.97211588085024E+0,2.84000000000000E+2,3.99842926999503E+0
2.85000000000000E+2,8.66480180749315E+2,2.85000000000000E+2,1.29906244169094E-4,2.85000000000000E+2,3.97441830238431E+0,2.85000000000000E+2,4.00171844366655E+0
2.86000000000000E+2,8.65493429708918E+2,2.86000000000000E+2,1.18017677780223E-4,2.86000000000000E+2,3.98066773227805E+0,2.86000000000000E+2,3.97770747600976E+0
2.87000000000000E+2,8.71742852966435E+2,2.87000000000000E+2,9.68824486419926E-5,2.87000000000000E+2,3.98198340173226E+0,2.87000000000000E+2,3.98625932746540E+0
2.88000000000000E+2,8.00367861252954E+2,2.88000000000000E+2,1.62930039688669E-4,2.88000000000000E+2,3.99415334423152E+0,2.88000000000000E+2,3.97178696348848E+0
2.89000000000000E+2,8.70427184911891E+2,2.89000000000000E+2,1.02166255926849E-4,2.89000000000000E+2,3.98362798855143E+0,2.89000000000000E+2,4.01783539474863E+0
2.90000000000000E+2,8.59572923468593E+2,2.90000000000000E+2,9.55614968207472E-5,2.90000000000000E+2,3.97869422809862E+0,2.90000000000000E+2,4.03461018073095E+0
2.91000000000000E+2,8.73387438034862E+2,2.91000000000000E+2,1.25943388706246E-4,2.91000000000000E+2,3.97112912876515E+0,2.91000000000000E+2,4.01355946893648E+0
2.92000000000000E+2,8.72729604007458E+2,2.92000000000000E+2,1.45757666019408E-4,2.92000000000000E+2,3.97540505447129E+0,2.92000000000000E+2,3.97507613710890E+0
2.93000000000000E+2,8.74703106089804E+2,2.93000000000000E+2,1.62930039688669E-4,2.93000000000000E+2,3.97277371557394E+0,2.93000000000000E+2,3.98297015382357E+0
2.94000000000000E+2,8.68453682830406E+2,2.94000000000000E+2,1.85386220637857E-4,2.94000000000000E+2,3.97014237668063E+0,2.94000000000000E+2,3.99777143526149E+0
2.95000000000000E+2,8.74703106089804E+2,2.95000000000000E+2,1.78781461535493E-4,2.95000000000000E+2,3.96849778987434E+0,2.95000000000000E+2,3.98362798855143E+0
2.96000000000000E+2,8.34246313479732E+2,2.96000000000000E+2,1.58967184226706E-4,2.96000000000000E+2,3.97014237668063E+0,2.96000000000000E+2,4.00007385683000E+0
2.97000000000000E+2,8.68124765816863E+2,2.97000000000000E+2,1.86707172458297E-4,2.97000000000000E+2,3.95830135171039E+0,2.97000000000000E+2,3.96981345931924E+0
2.98000000000000E+2,8.64506678668618E+2,2.98000000000000E+2,1.60288136047372E-4,2.98000000000000E+2,3.97178696348848E+0,2.98000000000000E+2,3.98921958374843E+0
2.99000000000000E+2,8.61546425548310E+2,2.99000000000000E+2,1.65571943329921E-4,2.99000000000000E+2,3.96093269058564E+0,2.99000000000000E+2,4.04349094984763E+0
3.00000000000000E+2,8.63191010615039E+2,3.00000000000000E+2,1.32548147810933E-4,3.00000000000000E+2,3.98132556700503E+0,3.00000000000000E+2,4.02901858538508E+0
3.01000000000000E+2,8.59244006455344E+2,3.01000000000000E+2,1.11412918674867E-4,3.01000000000000E+2,3.97540505447129E+0,3.01000000000000E+2,3.99744251789481E+0
3.02000000000000E+2,8.60888591521694E+2,3.02000000000000E+2,1.04808159569202E-4,3.02000000000000E+2,3.98000989755132E+0,3.02000000000000E+2,4.02704508114977E+0
3.03000000000000E+2,8.65493429708918E+2,3.03000000000000E+2,8.76357858930085E-5,3.03000000000000E+2,3.98724607955917E+0,3.03000000000000E+2,4.00500761734440E+0
3.04000000000000E+2,8.38522234642287E+2,3.04000000000000E+2,1.27264340527208E-4,3.04000000000000E+2,3.99283767476797E+0,3.04000000000000E+2,4.05895006656957E+0
3.05000000000000E+2,8.66809097762803E+2,3.05000000000000E+2,9.02776895356388E-5,3.05000000000000E+2,3.99086417057455E+0,3.05000000000000E+2,4.02638724640517E+0
3.06000000000000E+2,8.62204259574969E+2,3.06000000000000E+2,8.76357858930085E-5,3.06000000000000E+2,3.98000989755132E+0,3.06000000000000E+2,4.04743795835891E+0
3.07000000000000E+2,8.58915089442107E+2,3.07000000000000E+2,9.15986413569349E-5,3.07000000000000E+2,3.98165448436861E+0,3.07000000000000E+2,4.03263667648912E+0
3.08000000000000E+2,8.57928338402459E+2,3.08000000000000E+2,1.29906244169094E-4,3.08000000000000E+2,3.96816887251327E+0,3.08000000000000E+2,4.00698112155415E+0
3.09000000000000E+2,8.65822346722372E+2,3.09000000000000E+2,1.40473858736161E-4,3.09000000000000E+2,3.97606288919625E+0,3.09000000000000E+2,4.00731003892266E+0
3.10000000000000E+2,8.64835595682041E+2,3.10000000000000E+2,1.62930039688669E-4,3.10000000000000E+2,3.97672072392147E+0,3.10000000000000E+2,4.03493909810481E+0
3.11000000000000E+2,8.65822346722372E+2,3.11000000000000E+2,1.70855750612286E-4,3.11000000000000E+2,3.97178696348848E+0,3.11000000000000E+2,4.01224379945798E+0
3.12000000000000E+2,8.57928338402459E+2,3.12000000000000E+2,1.94632883380701E-4,3.12000000000000E+2,3.95830135171039E+0,3.12000000000000E+2,4.01487513841600E+0
3.13000000000000E+2,8.69769350884685E+2,3.13000000000000E+2,1.64250991509301E-4,3.13000000000000E+2,3.94481574003755E+0,3.13000000000000E+2,4.05105604950236E+0
3.14000000000000E+2,8.29312558294352E+2,3.14000000000000E+2,1.62930039688669E-4,3.14000000000000E+2,3.95435434340502E+0,3.14000000000000E+2,4.05829223181255E+0
3.15000000000000E+2,8.62862093601671E+2,3.15000000000000E+2,1.69534798791712E-4,3.15000000000000E+2,3.96882670723547E+0,3.15000000000000E+2,3.98954850111353E+0
3.16000000000000E+2,8.54639168271002E+2,3.16000000000000E+2,1.69534798791712E-4,3.16000000000000E+2,3.96159052530508E+0,3.16000000000000E+2,4.01158596471912E+0
3.17000000000000E+2,8.53323500218720E+2,3.17000000000000E+2,1.74818606073940E-4,3.17000000000000E+2,3.96652428570888E+0,3.17000000000000E+2,4.03428126335715E+0
3.18000000000000E+2,8.45100574895831E+2,3.18000000000000E+2,1.47078617840191E-4,3.18000000000000E+2,3.97178696348848E+0,3.18000000000000E+2,4.03395234598342E+0
3.19000000000000E+2,8.51349998140619E+2,3.19000000000000E+2,1.23301485064287E-4,3.19000000000000E+2,3.97935206282485E+0,3.19000000000000E+2,4.02474265954480E+0
3.20000000000000E+2,8.51349998140619E+2,3.20000000000000E+2,1.20659581422279E-4,3.20000000000000E+2,3.97310263293589E+0,3.20000000000000E+2,3.99382442686554E+0
3.21000000000000E+2,8.49376496062903E+2,3.21000000000000E+2,1.07450063211505E-4,3.21000000000000E+2,3.98658824482993E+0,3.21000000000000E+2,4.02605832903297E+0
3.22000000000000E+2,8.48060828011305E+2,3.22000000000000E+2,9.82034004632255E-5,3.22000000000000E+2,4.00599436944899E+0,3.22000000000000E+2,4.05598981016503E+0
3.23000000000000E+2,8.46416242947047E+2,3.23000000000000E+2,1.63043875221351E-5,3.23000000000000E+2,3.97540505447129E+0,3.23000000000000E+2,4.03362342860975E+0
3.24000000000000E+2,8.55954836323456E+2,3.24000000000000E+2,9.15986413569349E-5,3.24000000000000E+2,3.99415334423152E+0,3.24000000000000E+2,4.04842471048817E+0
3.25000000000000E+2,8.47402993985570E+2,3.25000000000000E+2,9.15986413569349E-5,3.25000000000000E+2,3.97902314546170E+0,3.25000000000000E+2,4.05237171901099E+0
3.26000000000000E+2,8.53652417231775E+2,3.26000000000000E+2,9.68824486419926E-5,3.26000000000000E+2,3.98000989755132E+0,3.26000000000000E+2,3.99152200530544E+0
3.27000000000000E+2,8.51021081127640E+2,3.27000000000000E+2,8.76357858930085E-5,3.27000000000000E+2,3.97343155029790E+0,3.27000000000000E+2,4.00171844366655E+0
3.28000000000000E+2,8.53323500218720E+2,3.28000000000000E+2,1.32548147810933E-4,3.28000000000000E+2,3.98132556700503E+0,3.28000000000000E+2,3.99316659213376E+0
3.29000000000000E+2,8.53981334244840E+2,3.29000000000000E+2,1.51041473302468E-4,3.29000000000000E+2,3.96751103779133E+0,3.29000000000000E+2,4.03033425487657E+0
3.30000000000000E+2,8.53981334244840E+2,3.30000000000000E+2,1.57646232406029E-4,3.30000000000000E+2,3.96882670723547E+0,3.30000000000000E+2,4.05006929737156E+0
3.31000000000000E+2,8.50363247101713E+2,3.31000000000000E+2,1.69534798791712E-4,3.31000000000000E+2,3.96586645098755E+0,3.31000000000000E+2,4.04349094984763E+0
3.32000000000000E+2,8.59901840481851E+2,3.32000000000000E+2,1.89349076099142E-4,3.32000000000000E+2,3.95928810378814E+0,3.32000000000000E+2,4.02605832903297E+0
3.33000000000000E+2,8.12537790681318E+2,3.33000000000000E+2,1.29906244169094E-4,3.33000000000000E+2,3.96751103779133E+0,3.33000000000000E+2,4.05598981016503E+0
3.34000000000000E+2,8.64835595682041E+2,3.34000000000000E+2,2.54075715286483E-4,3.34000000000000E+2,3.95961702114752E+0,3.34000000000000E+2,3.99941602209582E+0
3.35000000000000E+2,8.46087325934227E+2,3.35000000000000E+2,1.89349076099142E-4,3.35000000000000E+2,3.97507613710890E+0,3.35000000000000E+2,4.03559693285272E+0
3.36000000000000E+2,8.41482487755861E+2,3.36000000000000E+2,1.81423365176472E-4,3.36000000000000E+2,3.97573397183374E+0,3.36000000000000E+2,4.06026573608437E+0
3.37000000000000E+2,8.45429491908619E+2,3.37000000000000E+2,1.78781461535493E-4,3.37000000000000E+2,3.96751103779133E+0,3.37000000000000E+2,4.00040277419718E+0
3.38000000000000E+2,8.44113823857531E+2,3.38000000000000E+2,1.40473858736161E-4,3.38000000000000E+2,3.96915562459667E+0,3.38000000000000E+2,4.01421730367611E+0
3.39000000000000E+2,8.40166819705278E+2,3.39000000000000E+2,1.36511003273600E-4,3.39000000000000E+2,3.97343155029790E+0,3.39000000000000E+2,4.06783083581445E+0
3.40000000000000E+2,8.42469238793908E+2,3.40000000000000E+2,1.19338629601257E-4,3.40000000000000E+2,3.96882670723547E+0,3.40000000000000E+2,4.00665220418570E+0
3.41000000000000E+2,8.40824653730549E+2,3.41000000000000E+2,1.12733870495963E-4,3.41000000000000E+2,3.98889066638340E+0,3.41000000000000E+2,3.99842926999503E+0
3.42000000000000E+2,8.39837902692659E+2,3.42000000000000E+2,7.57472195005384E-5,3.42000000000000E+2,3.98593041010093E+0,3.42000000000000E+2,4.01027029524214E+0
3.43000000000000E+2,8.21747467014607E+2,3.43000000000000E+2,-7.47274527701795E-6,3.43000000000000E+2,3.99546901369608E+0,3.43000000000000E+2,4.04875362786472E+0
3.44000000000000E+2,8.41482487755861E+2,3.44000000000000E+2,4.53653276038679E-5,3.44000000000000E+2,3.98921958374843E+0,3.44000000000000E+2,4.04085961084523E+0
3.45000000000000E+2,8.41811404768533E+2,3.45000000000000E+2,9.55614968207472E-5,3.45000000000000E+2,3.97737855864693E+0,3.45000000000000E+2,3.99382442686554E+0
3.46000000000000E+2,8.43455989832050E+2,3.46000000000000E+2,8.89567377143300E-5,3.46000000000000E+2,3.97211588085024E+0,3.46000000000000E+2,4.02868966801237E+0
3.47000000000000E+2,8.46745159959877E+2,3.47000000000000E+2,1.39152906915319E-4,3.47000000000000E+2,3.98395690591546E+0,3.47000000000000E+2,4.03493909810481E+0
3.48000000000000E+2,8.46087325934227E+2,3.48000000000000E+2,1.47078617840191E-4,3.48000000000000E+2,3.97737855864693E+0,3.48000000000000E+2,3.98428582327955E+0
3.49000000000000E+2,8.46745159959877E+2,3.49000000000000E+2,1.53683376943927E-4,3.49000000000000E+2,3.98724607955917E+0,3.49000000000000E+2,4.04546445410212E+0
3.50000000000000E+2,8.46416242947047E+2,3.50000000000000E+2,1.70855750612286E-4,3.50000000000000E+2,3.96751103779133E+0,3.50000000000000E+2,4.03559693285272E+0
3.51000000000000E+2,8.42140321781215E+2,3.51000000000000E+2,1.93311931560328E-4,3.51000000000000E+2,3.96915562459667E+0,3.51000000000000E+2,4.02244023794295E+0
3.52000000000000E+2,8.27010139208638E+2,3.52000000000000E+2,1.68213846971126E-4,3.52000000000000E+2,3.96422186418535E+0,3.52000000000000E+2,4.05960790132684E+0
3.53000000000000E+2,8.67138014776301E+2,3.53000000000000E+2,2.09163353404087E-4,3.53000000000000E+2,3.97704964128417E+0,3.53000000000000E+2,4.06914650533620E+0
3.54000000000000E+2,8.41482487755861E+2,3.54000000000000E+2,1.80102413355989E-4,3.54000000000000E+2,3.96356402946491E+0,3.54000000000000E+2,4.07868510939976E+0
3.55000000000000E+2,8.42798155806611E+2,3.55000000000000E+2,1.90670027919548E-4,3.55000000000000E+2,3.95961702114752E+0,3.55000000000000E+2,4.01191488208852E+0
3.56000000000000E+2,8.39180068667452E+2,3.56000000000000E+2,1.69534798791712E-4,3.56000000000000E+2,3.97310263293589E+0,3.56000000000000E+2,4.00698112155415E+0
3.57000000000000E+2,8.38851151654864E+2,3.57000000000000E+2,1.45757666019408E-4,3.57000000000000E+2,3.96652428570888E+0,3.57000000000000E+2,4.05138496687942E+0
3.58000000000000E+2,8.35233064517088E+2,3.58000000000000E+2,1.14054822317046E-4,3.58000000000000E+2,3.97540505447129E+0,3.58000000000000E+2,4.03559693285272E+0
3.59000000000000E+2,8.36877649579557E+2,3.59000000000000E+2,1.20659581422279E-4,3.59000000000000E+2,3.98954850111353E+0,3.59000000000000E+2,4.07506701819685E+0
3.60000000000000E+2,8.31286060368225E+2,3.60000000000000E+2,1.10091966853759E-4,3.60000000000000E+2,3.97672072392147E+0,3.60000000000000E+2,4.00698112155415E+0
3.61000000000000E+2,8.28983641282077E+2,3.61000000000000E+2,1.11412918674867E-4,3.61000000000000E+2,3.98264123645974E+0,3.61000000000000E+2,4.01520405578604E+0
3.62000000000000E+2,8.56941587362909E+2,3.62000000000000E+2,9.95243522844459E-5,3.62000000000000E+2,3.97836531073561E+0,3.62000000000000E+2,4.04250419772125E+0
3.63000000000000E+2,8.38522234642287E+2,3.63000000000000E+2,7.70681713219754E-5,3.63000000000000E+2,3.98889066638340E+0,3.63000000000000E+2,4.01191488208852E+0
3.64000000000000E+2,8.34904147504626E+2,3.64000000000000E+2,7.44262676790884E-5,3.64000000000000E+2,3.97968098018805E+0,3.64000000000000E+2,4.04283311509665E+0
3.65000000000000E+2,8.37206566592082E+2,3.65000000000000E+2,8.89567377143300E-5,3.65000000000000E+2,3.97935206282485E+0,3.65000000000000E+2,4.01257271682751E+0
3.66000000000000E+2,8.32930645430069E+2,3.66000000000000E+2,1.06129111390360E-4,3.66000000000000E+2,3.98593041010093E+0,3.66000000000000E+2,4.03296559386260E+0
3.67000000000000E+2,8.41153570743199E+2,3.67000000000000E+2,1.18017677780223E-4,3.67000000000000E+2,3.97737855864693E+0,3.67000000000000E+2,3.99875818736190E+0
3.68000000000000E+2,8.37206566592082E+2,3.68000000000000E+2,1.39152906915319E-4,3.68000000000000E+2,3.97836531073561E+0,3.68000000000000E+2,4.04316203247211E+0
3.69000000000000E+2,8.36877649579557E+2,3.69000000000000E+2,1.48399569660962E-4,3.69000000000000E+2,3.97145804612678E+0,3.69000000000000E+2,4.06256815773774E+0
3.70000000000000E+2,8.39837902692659E+2,3.70000000000000E+2,1.76139557894469E-4,3.70000000000000E+2,3.97606288919625E+0,3.70000000000000E+2,3.99645576579516E+0
3.71000000000000E+2,8.41153570743199E+2,3.71000000000000E+2,1.84065268817407E-4,3.71000000000000E+2,3.96159052530508E+0,3.71000000000000E+2,4.04447770197459E+0
3.72000000000000E+2,8.38193317629720E+2,3.72000000000000E+2,1.73497654253400E-4,3.72000000000000E+2,3.96257727738471E+0,3.72000000000000E+2,4.01355946893648E+0
3.73000000000000E+2,8.40495736717908E+2,3.73000000000000E+2,2.17089064325385E-4,3.73000000000000E+2,3.95238083925572E+0,3.73000000000000E+2,4.05072713212536E+0
3.74000000000000E+2,8.77992276227933E+2,3.74000000000000E+2,3.74396166731420E-5,3.74000000000000E+2,3.97441830238431E+0,3.74000000000000E+2,4.05927898394817E+0
3.75000000000000E+2,8.33259562442469E+2,3.75000000000000E+2,2.39545245267010E-4,3.75000000000000E+2,3.96224836002478E+0,3.75000000000000E+2,4.01388838630627E+0
3.76000000000000E+2,8.40824653730549E+2,3.76000000000000E+2,2.10484305224330E-4,3.76000000000000E+2,3.95764351699221E+0,3.76000000000000E+2,4.00895462576618E+0
3.77000000000000E+2,8.32272811405300E+2,3.77000000000000E+2,1.72176702432849E-4,3.77000000000000E+2,3.96948454195792E+0,3.77000000000000E+2,4.06717300105396E+0
3.78000000000000E+2,8.28654724269811E+2,3.78000000000000E+2,1.82744316996945E-4,3.78000000000000E+2,3.96159052530508E+0,3.78000000000000E+2,4.03921502397081E+0
3.79000000000000E+2,8.27339056220852E+2,3.79000000000000E+2,1.60288136047372E-4,3.79000000000000E+2,3.95895918642883E+0,3.79000000000000E+2,4.03757043709799E+0
3.80000000000000E+2,8.22076384026657E+2,3.80000000000000E+2,1.45757666019408E-4,3.80000000000000E+2,3.97441830238431E+0,3.80000000000000E+2,4.05631872754306E+0
3.81000000000000E+2,8.23720969087062E+2,3.81000000000000E+2,1.27264340527208E-4,3.81000000000000E+2,3.98000989755132E+0,3.81000000000000E+2,4.05302955376570E+0
3.82000000000000E+2,8.24378803111295E+2,3.82000000000000E+2,1.16696725959176E-4,3.82000000000000E+2,3.98099664964150E+0,3.82000000000000E+2,4.02013781634423E+0
3.83000000000000E+2,8.21747467014607E+2,3.83000000000000E+2,1.15375774138117E-4,3.83000000000000E+2,3.98560149273653E+0,3.83000000000000E+2,4.05862114919103E+0
3.84000000000000E+2,8.21747467014607E+2,3.84000000000000E+2,1.18017677780223E-4,3.84000000000000E+2,3.97672072392147E+0,3.84000000000000E+2,4.05204280163374E+0
3.85000000000000E+2,8.19445047930541E+2,3.85000000000000E+2,1.07450063211505E-4,3.85000000000000E+2,3.97803639337265E+0,3.85000000000000E+2,4.01619080789653E+0
3.86000000000000E+2,8.17471545858879E+2,3.86000000000000E+2,8.76357858930085E-5,3.86000000000000E+2,3.97441830238431E+0,3.86000000000000E+2,4.08789479613339E+0
3.87000000000000E+2,8.26023388172057E+2,3.87000000000000E+2,9.82034004632255E-5,3.87000000000000E+2,3.98428582327955E+0,3.87000000000000E+2,4.01027029524214E+0
3.88000000000000E+2,8.24049886099173E+2,3.88000000000000E+2,8.49938822503272E-5,3.88000000000000E+2,3.97145804612678E+0,3.88000000000000E+2,4.07375134867045E+0
3.89000000000000E+2,8.54968085284099E+2,3.89000000000000E+2,-7.88041437028655E-5,3.89000000000000E+2,3.98461474064370E+0,3.89000000000000E+2,4.06519949677403E+0
3.90000000000000E+2,8.08261869529260E+2,3.90000000000000E+2,8.10310267862092E-5,3.90000000000000E+2,3.99678468316164E+0,3.90000000000000E+2,4.01619080789653E+0
3.91000000000000E+2,8.15498043787583E+2,3.91000000000000E+2,4.93281830690489E-5,3.91000000000000E+2,3.98987741847869E+0,3.91000000000000E+2,4.05829223181255E+0
3.92000000000000E+2,8.20431798966508E+2,3.92000000000000E+2,7.57472195005384E-5,3.92000000000000E+2,3.98527257537219E+0,3.92000000000000E+2,4.02836075063972E+0
3.93000000000000E+2,8.21089632990537E+2,3.93000000000000E+2,5.98957976422775E-5,3.93000000000000E+2,3.98231231909597E+0,3.93000000000000E+2,4.05335847114314E+0
3.94000000000000E+2,8.22405301038718E+2,3.94000000000000E+2,9.55614968207472E-5,3.94000000000000E+2,3.99448226159756E+0,3.94000000000000E+2,4.07243567914509E+0
3.95000000000000E+2,8.22405301038718E+2,3.95000000000000E+2,9.55614968207472E-5,3.95000000000000E+2,3.98461474064370E+0,3.95000000000000E+2,4.05598981016503E+0
3.96000000000000E+2,8.27010139208638E+2,3.96000000000000E+2,1.20659581422279E-4,3.96000000000000E+2,3.98033881491465E+0,3.96000000000000E+2,4.01586189052630E+0
3.97000000000000E+2,8.26681222196434E+2,3.97000000000000E+2,1.04808159569202E-4,3.97000000000000E+2,3.97639180655883E+0,3.97000000000000E+2,4.06026573608437E+0
3.98000000000000E+2,8.20760715978517E+2,3.98000000000000E+2,1.21980533243289E-4,3.98000000000000E+2,3.96849778987434E+0,3.98000000000000E+2,4.07934294416477E+0
3.99000000000000E+2,8.26681222196434E+2,3.99000000000000E+2,1.44436714198614E-4,3.99000000000000E+2,3.97244479821206E+0,3.99000000000000E+2,4.04250419772125E+0
4.00000000000000E+2,8.28654724269811E+2,4.00000000000000E+2,1.55004328764639E-4,4.00000000000000E+2,3.96751103779133E+0,4.00000000000000E+2,4.02540049428876E+0
4.01000000000000E+2,8.30628226343559E+2,4.01000000000000E+2,1.58967184226706E-4,4.01000000000000E+2,3.96783995515227E+0,4.01000000000000E+2,4.06421274463494E+0
4.02000000000000E+2,8.25365554147721E+2,4.02000000000000E+2,1.58967184226706E-4,4.02000000000000E+2,3.96257727738471E+0,4.02000000000000E+2,4.04151744559545E+0
